case_count,caseType (These have been narrowed down from the greater case type list. Only these are in Redivis),"Type (E = Evictions, D = Debt, PE = Possible Evictions (ie evictions + other things), PD = Possible Debt (ie debt + other things))",Notes,,,
3,CNDB,D,Contract - Debt,,,"'CNDB',"
2,Administrative Appeal,X,,,,
17,Adverse Possession,X,,,,
1707,Agency/IV-D,X,,,,
7,Alimony / Spousal Support,X,,,,
46,Annulment,X,,,,
9,APA,X,Administrative Agency Appeal,,,
13,APCR,X,Criminal Appeal,,,
1,APDM,X,Appeal - District Court Motion,,,
4,APMV,X,Motor Vehicle Appeal,,,
2,APOC,X,Orphans Court Appeal,,,
239,Contract - Debt,D,,,,"'Contract - Debt',"
812,Appeal - Administrative Agency,X,,,,
506,Appeal - Administrative Agency - WCC,X,,,,
806,Breach of Lease,E,,,,"'Breach of Lease',"
549,BREACH OF LEASE,E,,,,"'BREACH OF LEASE',"
136,Appeal - Domestic Violence,X,,,,
272,BROL,E,Breach of Lease,,,"'BROL',"
36,Appeal - Orphans Court,X,,,,
35,Appeal - Peace Order,X,,,,
182,Complaint For Ejectment,E,,,,"'Complaint For Ejectment',"
29,Appeal - Workers' Compensation,X,,,,
16,Arbitration,X,,,,
52,Asbestos-Beth Steel CT-2,X,,,,
20,Asbestos-Cluster File,X,,,,
277,Asbestos - Other CT-4,X,,,,
3,Asbestos-Railroad CT-3,X,,,,
11,Asbestos-Shipyard CT-5,X,,,,
106,Asbestos - Trade CT-1,X,,,,
6,Attorney Grievance,X,,,,
6,ATTY GRIEVANCE COMM,X,,,,
25,Authorization for Specific Transaction,X,,,,
38,BONF,X,Bond Forfeiture,,,
1,DISTRESS/DISTRAINT,E,,,,"'DISTRESS/DISTRAINT',"
4,Distress / Distraint for Rent,E,,,,"'Distress / Distraint for Rent',"
9,Ejectment,E,,,,"'Ejectment',"
99,CCL,X,County/City Lien,,,
32,CFJ,X,Confessed Judgement,,,
7,CFSN,X,,,,
88,Change of Name,X,,,,
1,Change of Name - Adult,X,,,,
97,Change of Name - Minor,X,,,,
271,Child Abuse DV,X,,,,
244,CHILD ABUSE DV,X,,,,
1,Child in Need of Assistance - Shelter,X,,,,
1016,Child Support,X,,,,
3624,Child Support - Agency,X,,,,
98,Child Support - Private,X,,,,
42,CHSA,X,Child Support - Agency,,,
1,CHSP,X,Child Support - Private,,,
3323,Citation - Civil,X,,,,
9487,Citation - Criminal,X,,,,
4948,Citation - DNR,X,,,,
1213,Citation - Mass Transit,X,,,,
2346,Citation - Municipal Infraction,X,,,,
636770,Citation - Traffic,X,,,,
105178,Failure to Pay Rent,E,,,,"'Failure to Pay Rent',"
9,Civil Citation,X,,,,
535,Civil Non-Support,X,,,,
2,Civil Paternity/Legitimation,X,,,,
15,Civil Rights,X,,,,
2350,Failure to Pay Rent - Mobile Home,E,,,,"'Failure to Pay Rent - Mobile Home',"
708,FORC,E,Forcible Entery and Detainer,,,"'FORC',"
1,CNCN,X,Construction Contract,,,
996,FORCIBLE ENTRY AND DETAINER,E,,,,"'FORCIBLE ENTRY AND DETAINER',"
17,FTPM,E,Failure to Pay Rent - Mobile Home,,,"'FTPM',"
1361,FTPR,E,Failure to Pay Rent,,,"'FTPR',"
17,CNTP,X,Contempt,,,
4,Grantor in Possession,E,,,,"'Grantor in Possession',"
126,Condemnation,X,,,,
10,CONDEMNATION,X,,,,
106,Condemnation / Eminent Domain,X,,,,
1318,Confessed Judgment,X,,,,
1060,CONFESSED JUDGMENT,X,,,,
83,LANDLORD TENANT MONEY JUDGMENT,E,,,,"'LANDLORD TENANT MONEY JUDGMENT',"
173,Contempt,X,,,,
1,CONTEMPT,X,,,,
636,Rent Escrow,E,,,,"'Rent Escrow',"
1350,RENT ESCROW,E,,,,"'RENT ESCROW',"
561,RESC,E,Rent Escrow,,,"'RESC',"
32,Contract - Commercial,X,,,,
23,Contract - Construction,X,,,,
1214,Tenant Holding Over,E,,,,"'Tenant Holding Over',"
26,Contract - Fraud,X,,,,
32,Contract - Insurance,X,,,,
1038,TENANT HOLDING OVER,E,,,,"'TENANT HOLDING OVER',"
3,Contract - Product Liability,X,,,,
701,TNHO,E,Tenant Holding Over,,,"'TNHO',"
16,WRON,E,Wrongful Detainer-Grantor in Possession,,,"'WRON',"
718,CR,X,Criminal,,,
131,CRC,X,Criminal Citation,,,
14058,Criminal,X,,,,
51244,CRIMINAL,X,,,,
3029,Criminal Appeal,X,,,,
806,Criminal - Appeal,X,,,,
652,Criminal - Appeal - Motor Vehicle,X,,,,
6240,Criminal Indictment,X,,,,
3784,Criminal - Information,X,,,,
5915,Criminal - JTP,X,,,,
4834,Criminal - JTP - Motor Vehicle,X,,,,
57,Criminal Non-Support,X,,,,
31053,Criminal - SOC - Application,X,,,,
18859,Criminal - SOC - On View Arrest,X,,,,
54,CRMUNI,X,Municiple Criminal,,,
1,CRNS,X,Criminal Non-Support,,,
176,CROVA,X,Criminal On View Arrest,,,
298,CRSCA,X,Criminal SOC Application,,,
68,CT,X,Custody,,,
1354,Custody (2 Party - Adversary Proceeding),X,,,,
30,Custody (Matter Of),X,,,,
6740,Custody (Versus),X,,,,
2445,CV,X,Civil Citation,,,
127,CVC,X,Civil Citation,,,
1,CVCI,X,Civil Citation,,,
8,CVMUNI,X,Municipal Infraction,,,
131,DA,X,Divorce - Absolute,,,
1183,Wrongful Detainer-Grantor in Possession,E,,,,'Wrongful Detainer-Grantor in Possession'
457,CIVIL,PD,,,,"'CIVIL',"
1,DCJU,X,Declaratory Judgement,,,
126,DCL,X,District Court Lien,,,
223,Declaratory Judgment,X,,,,
563,CN,PD,Contract,,,"'CN',"
305,Detinue,X,,,,
221,DETINUE,X,,,,
7,DETN,X,Detinue,,,
9,Discrimination,X,,,,
8,CNBR,PD,Beach of Contract,,,"'CNBR',"
124,CNLC,PD,Contract - Large Claims,,,"'CNLC',"
7,District Court Appeal-Peace Order,X,,,,
554,CNSC,PD,Contract - Small Claims,,,"'CNSC',"
70,District Court Dom. Viol. Appeal,X,,,,
861,CONT,PD,Contract,,,"'CONT',"
1688,Divorce Absolute,X,,,,
12082,Divorce - Absolute,X,,,,
116,Divorce Limited,X,,,,
1522,Divorce - Limited,X,,,,
1,DJ,X,Declaratory Judgement,,,
18,DL,X,Divorce Limited,,,
4,DLLRL,X,Department of Labor Judgement,,,
37760,Contract,PD,,,,"'Contract',"
84,DNRC,X,DNR Violation,,,
6949,DOMESTIC,X,,,,
6334,Domestic Family,X,,,,
19192,Domestic Violence,X,,,,
2965,DOMESTIC VIOLENCE,X,,,,
556,Domestic Violence - Child Abuse,X,,,,
4,Domestic Violence - Foreign,X,,,,
84,Domestic Violence - Vulnerable Adult,X,,,,
70,DV,X,Domestic Violence,,,
4,EEO / HRC,X,Employment Rights,,,
70195,CONTRACT,PD,,,,"'CONTRACT',"
3,Election Law,X,,,,
2,Emancipation,X,,,,
3,EMEV,X,Emergency Evaluations,,,
301,Employment/Labor,X,,,,
2,ENFO,X,Enforcement of Foreign Support Order,,,
4,Environmental,X,,,,
4,Error Coram Nobis,X,,,,
824,Contract - Breach,PD,,,,"'Contract - Breach',"
11080,Contract - Large Claims,PD,,,,"'Contract - Large Claims',"
15,Fair Labor Standards Act (FLSA),X,,,,
172,FAMILY,X,,,,
3,Family and Medical Leave Act (FMLA),X,,,,
4,Family Legal / Medical,X,,,,
34,FC,X,Foreclosure,,,
1,FJ,X,Foreign Judgement,,,
1,FODV,X,Foreign Domestic Violence,,,
3,FOL,X,Foreign Judgement,,,
45802,Contract - Small Claims,PD,,,,"'Contract - Small Claims',"
59,Converted from old system,PD,,,,"'Converted from old system',"
4797,Foreclosure,X,,,,
1354,FORECLOSURE,X,,,,
122,Foreclosure - Commercial,X,,,,
5540,Foreclosure - Residential,X,,,,
2476,Foreclosure Rights Of Redemption,X,,,,
281,FOREIGN,X,,,,
70,Foreign Judgment,X,,,,
186,FORF,X,Civil Forfriture,,,
269,Forfeiture,X,,,,
8,FORFEITURE,X,,,,
1043,FORFEITURE OF BOND,X,,,,
52,Friendly Suit,X,,,,
52,FROO,X,Foreclosure - Owner Occupied Residential,,,
10,Writ of Garnishment/Execution,PD,,,,"'Writ of Garnishment/Execution',"
1058,Other Civil,"PD, PE",,,,"'Other Civil',"
1957,Fugitive,X,,,,
908,FUGITIVE WARRANT,X,,,,
41,FW,X,,,,
40,FX,X,Federal Lien,,,
277,General Equity,X,,,,
65,Other Civil Ex Parte,"PD, PE",,,,"'Other Civil Ex Parte',"
7,GS,X,Guardianship,,,
1,GSA,X,Adult Guardianship,,,
1,GSAPP,X,Guardianship - Adult Persons and Property,,,
2,GSM,X,Minor Guardianship,,,
1,GSMPP,X,Guardianship - Adult Persons and Property,,,
26,Guardian Of The Person-Adult Disabled,X,,,,
339,Guardianship,X,,,,
23,Guardianship - Adult Person,X,,,,
2,Guardianship - Adult Person and Property,X,,,,
114,Guardianship - Minor Person,X,,,,
5,Guardianship - Minor Person and Property,X,,,,
4,Guardianship - Minor Property,X,,,,
14,Guardianship Of The Property-Adult Disabled,X,,,,
76,Guardianship Of The Property-Minor,X,,,,
238,Guardianship-Person & Property-Adult Disabled,X,,,,
23,Guardianship-Specific Transaction,X,,,,
40,HA,X,Housing Authority Citation,,,
740,Habeas Corpus,X,,,,
3,HC,X,Habeas Corpus,,,
5,Health General,X,,,,
34,IF,X,Criminal Information,,,
4,IJ,X,Injunction,,,
48,IN,X,Criminal Indictment,,,
207,Independent Proceedings,X,,,,
3,Independent Proceedings - Birth Certificate Amendment,X,,,,
63,Independent Proceedings - Deposition Notice,X,,,,
2,Independent Proceedings - Dispose Body,X,,,,
1,Independent Proceedings - Financial,X,,,,
1,Independent Proceedings - Grand Jury/Petit Jury,X,,,,
1,Independent Proceedings - Marriage Certificate Amendment,X,,,,
16,Independent Proceedings - Miscellaneous,X,,,,
6,Independent Proceedings - Perpetuate Testimony / Evidence,X,,,,
2,Independent Proceedings - Production of Documents Request,X,,,,
16,Independent Proceedings - Subpoena Issue / Quash,X,,,,
3,Independent Proceedings - Trustee Substitution,X,,,,
3,"Independent Proceedings - Witness App, Request to Compel",X,,,,
728,INJC,X,Injuction,,,
259,Injunction,X,,,,
154,INJUNCTION,X,,,,
5,Interpleader,X,,,,
1,IPWA,X,Independent Proceedings - Witness App,,,
37,JC,X,Criminal Jury Trial,,,
42,JM,X,Motor Vehicle Jury Trial,,,
1310,Judgment - Bond Forfeiture,X,,,,
1203,Judgment - County / City Lien,X,,,,
10293,Judgment - District Court Lien,X,,,,
6,Judgment - DLLR,X,Department of Labor Judgement,,,
5081,Judgment - Federal Lien,X,,,,
69,Judgment - Federal Tax Lien,X,,,,
382,Judgment - Foreign,X,,,,
221,Judgment - Maryland Department of Labor,X,,,,
19,Judgment - Medical Assistance Lien,X,,,,
59,Judgment - Miscellaneous Lien,X,,,,
18,OV,"PD, PE",Other Civil,,,"'OV',"
878,Judgment - Other Court,X,,,,
347,Appeal,"PE, PD",,,,"'Appeal',"
61814,Judgment - State Tax Lien,X,,,,
62,Jury Trial Prayer - District Court,X,,,,
12,Land Acquisition,X,,,,
206,Appeal - De Novo,"PE, PD",,,,"'Appeal - De Novo',"
59,LC,X,Lien,,,
246,Lead Paint,X,,,,
991,Lien,X,,,,
18234,LIEN,X,,,,
37019,Lien/Judgment,X,,,,
44,Lis Pendens,X,,,,
2,MAND,X,Mandamus,,,
150,Mandamus,X,,,,
175,Mechanics Liens,X,,,,
139,Medical Malpractice,X,,,,
1,MEDMAL,X,,,,
7187,MI,X,Municipal Infraction,,,
6,Minor's Trust Account,X,,,,
57,Miscellaneous (Matter of),X,,,,
196,Miscellaneous (Versus),X,,,,
122,Appeal - District Court Motion,"PE, PD",,,,"'Appeal - District Court Motion',"
2,ML,X,Mechanics Liens,,,
1165,Motor Tort,X,,,,
443,MOTOR TORTS,X,,,,
1,MP,X,Miscellaneous (Matter of),,,
3,MS2,X,Miscellaneous (Versus),,,
480,MSTL,X,Judgement - State Tax Lien,,,
4577,MT,X,Mass Transit Citation,,,
5,MTC,X,Mass Transit Citation,,,
7,MUNI,X,Municipal Infraction,,,
624,Municipal Infraction,X,,,,
1699,MUNICIPAL INFRACTION,X,,,,
1,NC,X,Name Change,,,
1,NCM,X,Name Change - Minor,,,
3,NG,X,Negligence,,,
288,NR,X,Dept of Natural Resources Citation,,,
1,OD,X,Other Domestic,,,
14,OJ,X,Other Court Judgement,,,
5,OT,X,Other Tort,,,
1818,Other Appeal,X,,,,
68,Appeal - On Record,"PE, PD",,,,"'Appeal - On Record',"
117,APPEALS,"PE, PD",,,,"'APPEALS',"
377,Other Domestic,X,,,,
1,Other Equitable Relief,X,,,,
614,OTHER LAW,X,,,,
531,Other Tort,X,,,,
507,OTHER TORTS,X,,,,
108,DCA - DE NOVO,"PE, PD",DeNovo Appeal,,,"'DCA - DE NOVO',"
3,PA,X,Paternity,,,
575,Paternity,X,,,,
599,Paternity / Parentage - Agency,X,,,,
86,Paternity / Parentage - Private,X,,,,
14314,Peace Order,X,,,,
2096,PEACE ORDER,X,,,,
38,Peace Order (Civil),X,,,,
441,PETITION FOR APPOINTMENT OF A RECEIVER,X,,,,
9,Petition for Compliance,X,,,,
1,PETN,X,Special Proceeding Petition,,,
52,PO,X,Peace Order,,,
5,Post Conviction,X,,,,
3,Prisoner Rights,X,,,,
3698,Property,X,,,,
15,Property - Ownership,X,,,,
107,Property - Partition / Sale,X,,,,
126,Property - Quiet Title,X,,,,
2,Property - Return of Seized,X,,,,
1,PROW,X,Property Ownership,,,
2,PRQT,X,Quiet Title,,,
3,PTA,X,Paternity,,,
4,PTP,X,Paternity,,,
45,Public Information Act Record,X,,,,
67,Public Law,X,,,,
4,Railroad,X,,,,
2,RCVR,X,Appointment of Receiver,,,
13,RD,X,Foreclosure Right of Redemption,,,
2,Recognition as Legal Child,X,,,,
80,Record Appeal,X,,,,
396,Recorded Judgment,X,,,,
41,Registration of Foreign Order,X,,,,
60,DCA - ON RECORD,"PE, PD",Record Appeal,,,"'DCA - ON RECORD',"
174,DeNovo Appeal,"PE, PD",,,,"'DeNovo Appeal',"
21,REPL,X,Replevin,,,
670,Replevin,X,,,,
336,REPLEVIN,X,,,,
97,District Court DeNovo Appeal,"PE, PD",,,,"'District Court DeNovo Appeal',"
117,REST,X,Restitution,,,
205,RESTITUTION,X,,,,
908,Right of Redemption,X,,,,
1,RJ,X,Recorded Judgement,,,
13,STATE ROADS PET.,X,,,,
9,Structured Settlements,X,,,,
6,SU,X,Child Support,,,
196,Tax Sale,X,,,,
2,TDV,X,Transferred Domestic Violence,,,
73,District Court Record Appeal,"PE, PD",,,,"'District Court Record Appeal',"
2,DN,"PE, PD",District Court DeNovo Appeal,,,"'DN',"
254,Judgment - Monetary,"PE, PD",,,,"'Judgment - Monetary',"
1,TOFR,X,Fraud,,,
2,TOPL,X,Premises Liability,,,
29,TORLC,X,Large Claims,,,
7,TORSC,X,Small Claims,,,
4959,Tort,X,,,,
12630,TORT,X,,,,
15,Tort - Assault,X,,,,
12,Tort - Battery,X,,,,
17,Tort - Commercial,X,,,,
2,Tort - Conspiracy,X,,,,
17,Tort - Conversion,X,,,,
26,Tort - Defamation,X,,,,
7,Tort - False Arrest / Imprisonment,X,,,,
35,Tort - Fraud,X,,,,
3277,Tort - Large Claims,X,,,,
8,Tort - Lead Paint,X,,,,
4,Tort - Malicious Prosecution,X,,,,
179,Tort - Malpractice Medical,X,,,,
16,Tort - Malpractice Professional,X,,,,
9,Tort - Misrepresentation,X,,,,
2243,Tort - Motor,X,,,,
301,Tort - Negligence,X,,,,
5,Tort - Nuisance,X,,,,
403,Tort - Other,X,,,,
161,Tort - Premises Liability,X,,,,
26,Tort - Product Liability,X,,,,
651,Tort - Small Claims,X,,,,
11,Tort - Trespass,X,,,,
22,Tort - Wrongful Death,X,,,,
18850,TR,X,Traffic,,,
406293,Traffic,X,,,,
111,Transferred Domestic Violence,X,,,,
10,Trustee,X,,,,
3,TS,X,Tax Sale,,,
2,UC,X,Family & Domestic Relations,,,
212,UIFSA - Uniform Interstate Family Support Act,X,,,,
3,Uniform Child Custody,X,,,,
114,Uniform Child Custody / Support,X,,,,
6,UR,X,Family & Domestic Relations,,,
830,URESA / UIFSA,X,Child Support,,,
5,VI,X,Visitation,,,
266,Visitation,X,,,,
107,Vulnerable Adult DV,X,,,,
36,VULNERABLE ADULT DV,X,,,,
4,WC,X,WCC Admin Agency Appeal,,,
252,WCC De Novo,X,WCC Admin Agency Appeal De Novo,,,
18,WCC On Record,X,WCC Admin Agency Appeal On Record,,,
1088,Judgment - Restitution,"PE, PD",,,,"'Judgment - Restitution',"
4,MJ,"PE, PD",Monetary Judgement,,,"'MJ',"
case_count,caseType,Type,Notes,,,
5,Wrongful Termination,X,,,,
0,,X,,,,